item_id,category,timestamp,holiday,prevdaysales1,prevdaysales2,prevdaysales3,prevdaysales4,prevdaysales5,prevdaysales6,temperature,weather,demand
27698822,1,2018-07-01,0,8,4,1,4,7,3,20.9,804.0,3
28996134,1,2018-07-01,0,9,14,14,15,12,20,20.9,804.0,10
87689449,1,2018-07-01,0,1,0,1,1,2,2,20.9,804.0,2
27236508,1,2018-07-01,0,0,4,3,3,0,2,20.9,804.0,3
22204376,1,2018-07-01,0,7,9,8,6,14,6,20.9,804.0,3
25377308,1,2018-07-01,0,2,4,2,2,2,2,20.9,804.0,2
28593343,1,2018-07-01,0,3,12,8,9,2,4,20.9,804.0,5
90446598,1,2018-07-01,0,6,3,6,9,3,4,20.9,804.0,3
16127141,1,2018-07-01,0,1,3,3,3,3,2,20.9,804.0,2
27509776,1,2018-07-01,0,3,6,4,4,3,4,20.9,804.0,3
23348268,2,2018-07-01,0,2,6,6,4,4,2,20.9,804.0,1
17196765,1,2018-07-01,0,0,0,0,0,0,0,20.9,804.0,0
10640520,1,2018-07-01,0,0,0,0,0,0,0,20.9,804.0,0
14653709,2,2018-07-01,0,0,0,0,0,0,0,20.9,804.0,0
13555779,3,2018-07-01,0,0,0,0,0,0,0,20.9,804.0,0
14010310,1,2018-07-01,0,0,0,0,0,0,0,20.9,804.0,0
14907084,2,2018-07-01,0,0,0,0,0,0,0,20.9,804.0,0
56461934,2,2018-07-01,0,0,0,0,0,0,0,20.9,804.0,0
11553237,3,2018-07-01,0,0,0,0,0,0,0,20.9,804.0,0
11595892,3,2018-07-01,0,0,0,0,0,0,0,20.9,804.0,0
23182376,3,2018-07-01,0,0,0,0,0,0,0,20.9,804.0,0
16155406,3,2018-07-01,0,0,0,0,0,0,0,20.9,804.0,0
32290960,3,2018-07-01,0,0,0,0,0,0,0,20.9,804.0,0
14491190,3,2018-07-01,0,0,0,0,0,0,0,20.9,804.0,0
75240713,3,2018-07-01,0,0,0,0,0,0,0,20.9,804.0,0
11307697,2,2018-07-01,0,0,0,0,0,0,0,20.9,804.0,0
71371025,3,2018-07-01,0,0,0,0,0,0,0,20.9,804.0,0
11098183,3,2018-07-01,0,0,0,0,0,0,0,20.9,804.0,0
16788277,3,2018-07-01,0,0,0,0,0,0,0,20.9,804.0,0
19022266,1,2018-07-01,0,0,0,0,0,0,0,20.9,804.0,0
20230910,3,2018-07-01,0,0,0,0,0,0,0,20.9,804.0,0
11138126,3,2018-07-01,0,0,0,0,0,0,0,20.9,804.0,0
33945594,2,2018-07-01,0,0,0,0,0,0,0,20.9,804.0,0
91038395,1,2018-07-02,0,0,0,5,1,2,5,21.0,800.0,4
58262980,1,2018-07-02,0,3,8,4,1,4,7,21.0,800.0,6
10446773,1,2018-07-02,0,10,9,14,14,15,12,21.0,800.0,19
28625536,1,2018-07-02,0,2,1,0,1,1,2,21.0,800.0,3
30616349,1,2018-07-02,0,3,0,4,3,3,0,21.0,800.0,3
31991592,1,2018-07-02,0,3,6,3,6,9,3,21.0,800.0,9
14944371,1,2018-07-02,0,0,4,3,4,3,4,21.0,800.0,3
37851878,1,2018-07-02,0,3,7,9,8,6,14,21.0,800.0,6
71751387,1,2018-07-02,0,2,2,4,2,2,2,21.0,800.0,3
84950592,1,2018-07-02,0,2,1,3,3,3,3,21.0,800.0,3
25708030,1,2018-07-02,0,3,3,6,4,4,3,21.0,800.0,4
27943366,1,2018-07-02,0,5,3,12,8,9,2,21.0,800.0,6
14448455,2,2018-07-02,0,0,2,5,6,1,5,21.0,800.0,4
64657560,2,2018-07-02,0,0,0,3,1,4,2,21.0,800.0,5
29867319,2,2018-07-02,0,0,2,2,2,0,3,21.0,800.0,2
67751753,2,2018-07-02,0,1,2,6,6,4,4,21.0,800.0,2
12597046,2,2018-07-02,0,0,0,6,0,0,0,21.0,800.0,3
21654504,3,2018-07-02,0,0,2,3,4,1,3,21.0,800.0,3
33650855,3,2018-07-02,0,0,0,1,1,1,0,21.0,800.0,1
99307488,3,2018-07-02,0,0,0,1,1,2,0,21.0,800.0,1
28984278,3,2018-07-02,0,0,1,3,5,4,2,21.0,800.0,3
83411513,3,2018-07-02,0,0,1,5,4,1,3,21.0,800.0,3
10640520,1,2018-07-02,0,0,0,0,0,0,0,21.0,800.0,0
23182376,3,2018-07-02,0,0,0,0,0,0,0,21.0,800.0,0
16155406,3,2018-07-02,0,0,0,0,0,0,0,21.0,800.0,0
14491190,3,2018-07-02,0,0,0,0,0,0,0,21.0,800.0,0
75240713,3,2018-07-02,0,0,0,0,0,0,0,21.0,800.0,0
11098183,3,2018-07-02,0,0,0,0,0,0,0,21.0,800.0,0
16788277,3,2018-07-02,0,0,0,0,0,0,0,21.0,800.0,0
19022266,1,2018-07-02,0,0,0,0,0,0,0,21.0,800.0,0
20230910,3,2018-07-02,0,0,0,0,0,0,0,21.0,800.0,0
11138126,3,2018-07-02,0,0,0,0,0,0,0,21.0,800.0,0
33945594,2,2018-07-02,0,0,0,0,0,0,0,21.0,800.0,0
14698637,1,2018-07-03,0,4,0,0,5,1,2,19.6,801.0,4
23516999,1,2018-07-03,0,6,3,8,4,1,4,19.6,801.0,7
16358635,1,2018-07-03,0,19,10,9,14,14,15,19.6,801.0,13
10646662,1,2018-07-03,0,9,3,6,3,6,9,19.6,801.0,6
71388817,1,2018-07-03,0,3,0,4,3,4,3,19.6,801.0,3
54825149,1,2018-07-03,0,6,3,7,9,8,6,19.6,801.0,7
19855769,1,2018-07-03,0,3,2,2,4,2,2,19.6,801.0,2
19028520,1,2018-07-03,0,6,5,3,12,8,9,19.6,801.0,8
82328393,1,2018-07-03,0,3,2,1,3,3,3,19.6,801.0,2
24371916,1,2018-07-03,0,4,3,3,6,4,4,19.6,801.0,4
20119667,1,2018-07-03,0,3,3,0,4,3,3,19.6,801.0,3
53706877,2,2018-07-03,0,5,0,0,3,1,4,19.6,801.0,4
19154966,2,2018-07-03,0,2,1,2,6,6,4,19.6,801.0,6
28523203,2,2018-07-03,0,3,0,0,6,0,0,19.6,801.0,3
22127551,2,2018-07-03,0,2,0,2,2,2,0,19.6,801.0,1
23305254,3,2018-07-03,0,3,0,2,3,4,1,19.6,801.0,2
11873111,3,2018-07-03,0,1,0,0,1,1,1,19.6,801.0,1
24873805,3,2018-07-03,0,1,0,0,1,1,2,19.6,801.0,1
33425713,3,2018-07-03,0,3,0,1,3,5,4,19.6,801.0,3
20695362,3,2018-07-03,0,3,0,1,5,4,1,19.6,801.0,3
32650892,3,2018-07-03,0,0,0,0,1,0,0,19.6,801.0,2
28625536,1,2018-07-03,0,0,0,0,0,0,0,19.6,801.0,0
10640520,1,2018-07-03,0,0,0,0,0,0,0,19.6,801.0,0
14448455,2,2018-07-03,0,0,0,0,0,0,0,19.6,801.0,0
23182376,3,2018-07-03,0,0,0,0,0,0,0,19.6,801.0,0
16155406,3,2018-07-03,0,0,0,0,0,0,0,19.6,801.0,0
75240713,3,2018-07-03,0,0,0,0,0,0,0,19.6,801.0,0
11098183,3,2018-07-03,0,0,0,0,0,0,0,19.6,801.0,0
16788277,3,2018-07-03,0,0,0,0,0,0,0,19.6,801.0,0
19022266,1,2018-07-03,0,0,0,0,0,0,0,19.6,801.0,0
20230910,3,2018-07-03,0,0,0,0,0,0,0,19.6,801.0,0
11138126,3,2018-07-03,0,0,0,0,0,0,0,19.6,801.0,0
33945594,2,2018-07-03,0,0,0,0,0,0,0,19.6,801.0,0
20885006,1,2018-07-04,0,4,4,0,0,5,1,23.1,801.0,3
10418391,1,2018-07-04,0,7,6,3,8,4,1,23.1,801.0,8
18226928,1,2018-07-04,0,13,19,10,9,14,14,23.1,801.0,22
15436357,1,2018-07-04,0,0,3,2,1,0,1,23.1,801.0,1
18209174,1,2018-07-04,0,3,3,0,4,3,4,23.1,801.0,4
71252487,1,2018-07-04,0,7,6,3,7,9,8,23.1,801.0,13
15727055,1,2018-07-04,0,2,3,2,2,4,2,23.1,801.0,3
28011035,1,2018-07-04,0,2,3,2,1,3,3,23.1,801.0,1
28096495,1,2018-07-04,0,6,9,3,6,3,6,23.1,801.0,4
22449850,1,2018-07-04,0,4,4,3,3,6,4,23.1,801.0,4
16541911,1,2018-07-04,0,8,6,5,3,12,8,23.1,801.0,5
16607773,1,2018-07-04,0,3,3,3,0,4,3,23.1,801.0,3
10255591,2,2018-07-04,0,0,4,0,2,5,6,23.1,801.0,3
29464159,2,2018-07-04,0,1,2,0,2,2,2,23.1,801.0,3
13893012,2,2018-07-04,0,4,5,0,0,3,1,23.1,801.0,1
11857184,2,2018-07-04,0,6,2,1,2,6,6,23.1,801.0,4
23812979,3,2018-07-04,0,1,1,0,0,1,1,23.1,801.0,1
39458465,3,2018-07-04,0,3,3,0,1,3,5,23.1,801.0,1
21189197,3,2018-07-04,0,2,3,0,2,3,4,23.1,801.0,2
79698684,3,2018-07-04,0,3,3,0,1,5,4,23.1,801.0,3
10640520,1,2018-07-04,0,0,0,0,0,0,0,23.1,801.0,0
28523203,2,2018-07-04,0,0,0,0,0,0,0,23.1,801.0,0
11873111,3,2018-07-04,0,0,0,0,0,0,0,23.1,801.0,0
23182376,3,2018-07-04,0,0,0,0,0,0,0,23.1,801.0,0
16155406,3,2018-07-04,0,0,0,0,0,0,0,23.1,801.0,0
32650892,3,2018-07-04,0,0,0,0,0,0,0,23.1,801.0,0
75240713,3,2018-07-04,0,0,0,0,0,0,0,23.1,801.0,0
11098183,3,2018-07-04,0,0,0,0,0,0,0,23.1,801.0,0
16788277,3,2018-07-04,0,0,0,0,0,0,0,23.1,801.0,0
19022266,1,2018-07-04,0,0,0,0,0,0,0,23.1,801.0,0
20230910,3,2018-07-04,0,0,0,0,0,0,0,23.1,801.0,0
11138126,3,2018-07-04,0,0,0,0,0,0,0,23.1,801.0,0
33945594,2,2018-07-04,0,0,0,0,0,0,0,23.1,801.0,0
25460904,1,2018-07-05,0,3,4,4,0,0,5,19.1,803.0,5
75357882,1,2018-07-05,0,8,7,6,3,8,4,19.1,803.0,6
11762630,1,2018-07-05,0,22,13,19,10,9,14,19.1,803.0,14
18480124,1,2018-07-05,0,4,3,3,0,4,3,19.1,803.0,2
13486752,1,2018-07-05,0,13,7,6,3,7,9,19.1,803.0,6
25760697,1,2018-07-05,0,1,0,3,2,1,0,19.1,803.0,2
33428014,1,2018-07-05,0,3,2,3,2,2,4,19.1,803.0,2
15585950,1,2018-07-05,0,5,8,6,5,3,12,19.1,803.0,9
93015358,1,2018-07-05,0,4,6,9,3,6,3,19.1,803.0,6
16526997,1,2018-07-05,0,1,2,3,2,1,3,19.1,803.0,3
30328563,1,2018-07-05,0,4,4,4,3,3,6,19.1,803.0,4
12022205,1,2018-07-05,0,3,3,3,3,0,4,19.1,803.0,4
29665396,2,2018-07-05,0,3,0,4,0,2,5,19.1,803.0,7
27166733,2,2018-07-05,0,1,4,5,0,0,3,19.1,803.0,3
96608580,2,2018-07-05,0,3,1,2,0,2,2,19.1,803.0,2
19378974,2,2018-07-05,0,4,6,2,1,2,6,19.1,803.0,1
31011326,3,2018-07-05,0,2,2,3,0,2,3,19.1,803.0,4
55590159,3,2018-07-05,0,1,3,3,0,1,3,19.1,803.0,4
43120576,3,2018-07-05,0,0,1,1,0,0,1,19.1,803.0,1
43873288,3,2018-07-05,0,3,3,3,0,1,5,19.1,803.0,3
24866803,3,2018-07-05,0,1,1,1,0,0,1,19.1,803.0,1
10640520,1,2018-07-05,0,0,0,0,0,0,0,19.1,803.0,0
28523203,2,2018-07-05,0,0,0,0,0,0,0,19.1,803.0,0
23182376,3,2018-07-05,0,0,0,0,0,0,0,19.1,803.0,0
16155406,3,2018-07-05,0,0,0,0,0,0,0,19.1,803.0,0
32650892,3,2018-07-05,0,0,0,0,0,0,0,19.1,803.0,0
75240713,3,2018-07-05,0,0,0,0,0,0,0,19.1,803.0,0
11098183,3,2018-07-05,0,0,0,0,0,0,0,19.1,803.0,0
16788277,3,2018-07-05,0,0,0,0,0,0,0,19.1,803.0,0
19022266,1,2018-07-05,0,0,0,0,0,0,0,19.1,803.0,0
20230910,3,2018-07-05,0,0,0,0,0,0,0,19.1,803.0,0
11138126,3,2018-07-05,0,0,0,0,0,0,0,19.1,803.0,0
33945594,2,2018-07-05,0,0,0,0,0,0,0,19.1,803.0,0
31134433,1,2018-07-06,0,5,3,4,4,0,0,19.8,803.0,4
51042042,1,2018-07-06,0,6,8,7,6,3,8,19.8,803.0,9
12793468,1,2018-07-06,0,14,22,13,19,10,9,19.8,803.0,16
19224150,1,2018-07-06,0,2,1,0,3,2,1,19.8,803.0,3
17614019,1,2018-07-06,0,4,3,3,3,3,0,19.8,803.0,4
23628216,1,2018-07-06,0,2,4,3,3,0,4,19.8,803.0,4
21294570,1,2018-07-06,0,6,13,7,6,3,7,19.8,803.0,9
13403623,1,2018-07-06,0,2,3,2,3,2,2,19.8,803.0,4
25171455,1,2018-07-06,0,9,5,8,6,5,3,19.8,803.0,4
23894372,1,2018-07-06,0,3,1,2,3,2,1,19.8,803.0,3
81423490,1,2018-07-06,0,6,4,6,9,3,6,19.8,803.0,3
56816173,1,2018-07-06,0,4,4,4,4,3,3,19.8,803.0,3
12847432,2,2018-07-06,0,7,3,0,4,0,2,19.8,803.0,3
25504326,2,2018-07-06,0,3,1,4,5,0,0,19.8,803.0,2
29876569,2,2018-07-06,0,2,3,1,2,0,2,19.8,803.0,2
32999303,2,2018-07-06,0,1,4,6,2,1,2,19.8,803.0,6
17720389,3,2018-07-06,0,4,2,2,3,0,2,19.8,803.0,3
24656564,3,2018-07-06,0,0,0,2,0,0,0,19.8,803.0,2
14972255,3,2018-07-06,0,3,3,3,3,0,1,19.8,803.0,4
13601574,3,2018-07-06,0,1,1,1,1,0,0,19.8,803.0,1
10640520,1,2018-07-06,0,0,0,0,0,0,0,19.8,803.0,0
28523203,2,2018-07-06,0,0,0,0,0,0,0,19.8,803.0,0
43120576,3,2018-07-06,0,0,0,0,0,0,0,19.8,803.0,0
23182376,3,2018-07-06,0,0,0,0,0,0,0,19.8,803.0,0
16155406,3,2018-07-06,0,0,0,0,0,0,0,19.8,803.0,0
55590159,3,2018-07-06,0,0,0,0,0,0,0,19.8,803.0,0
75240713,3,2018-07-06,0,0,0,0,0,0,0,19.8,803.0,0
11098183,3,2018-07-06,0,0,0,0,0,0,0,19.8,803.0,0
16788277,3,2018-07-06,0,0,0,0,0,0,0,19.8,803.0,0
19022266,1,2018-07-06,0,0,0,0,0,0,0,19.8,803.0,0
20230910,3,2018-07-06,0,0,0,0,0,0,0,19.8,803.0,0
11138126,3,2018-07-06,0,0,0,0,0,0,0,19.8,803.0,0
33945594,2,2018-07-06,0,0,0,0,0,0,0,19.8,803.0,0
23657071,1,2018-07-07,0,9,6,8,7,6,3,22.1,803.0,4
10212846,1,2018-07-07,0,16,14,22,13,19,10,22.1,803.0,14
26287649,1,2018-07-07,0,3,2,1,0,3,2,22.1,803.0,1
29224458,1,2018-07-07,0,4,4,3,3,3,3,22.1,803.0,2
11851220,1,2018-07-07,0,3,6,4,6,9,3,22.1,803.0,4
68389814,1,2018-07-07,0,9,6,13,7,6,3,22.1,803.0,8
13012668,1,2018-07-07,0,4,2,4,3,3,0,22.1,803.0,2
29453974,1,2018-07-07,0,3,3,1,2,3,2,22.1,803.0,3
14743260,1,2018-07-07,0,4,2,3,2,3,2,22.1,803.0,1
10143268,1,2018-07-07,0,3,4,4,4,4,3,22.1,803.0,3
15924407,1,2018-07-07,0,4,9,5,8,6,5,22.1,803.0,2
20695905,2,2018-07-07,0,3,7,3,0,4,0,22.1,803.0,2
20283059,2,2018-07-07,0,2,2,3,1,2,0,22.1,803.0,1
99473203,2,2018-07-07,0,6,1,4,6,2,1,22.1,803.0,1
49603779,3,2018-07-07,0,3,4,2,2,3,0,22.1,803.0,4
27360281,3,2018-07-07,0,4,3,3,3,3,0,22.1,803.0,1
56979492,3,2018-07-07,0,0,4,1,3,3,0,22.1,803.0,1
10640520,1,2018-07-07,0,0,0,0,0,0,0,22.1,803.0,0
31134433,1,2018-07-07,0,0,0,0,0,0,0,22.1,803.0,0
25504326,2,2018-07-07,0,0,0,0,0,0,0,22.1,803.0,0
28523203,2,2018-07-07,0,0,0,0,0,0,0,22.1,803.0,0
43120576,3,2018-07-07,0,0,0,0,0,0,0,22.1,803.0,0
23182376,3,2018-07-07,0,0,0,0,0,0,0,22.1,803.0,0
16155406,3,2018-07-07,0,0,0,0,0,0,0,22.1,803.0,0
24656564,3,2018-07-07,0,0,0,0,0,0,0,22.1,803.0,0
75240713,3,2018-07-07,0,0,0,0,0,0,0,22.1,803.0,0
13601574,3,2018-07-07,0,0,0,0,0,0,0,22.1,803.0,0
11098183,3,2018-07-07,0,0,0,0,0,0,0,22.1,803.0,0
16788277,3,2018-07-07,0,0,0,0,0,0,0,22.1,803.0,0
19022266,1,2018-07-07,0,0,0,0,0,0,0,22.1,803.0,0
20230910,3,2018-07-07,0,0,0,0,0,0,0,22.1,803.0,0
11138126,3,2018-07-07,0,0,0,0,0,0,0,22.1,803.0,0
33945594,2,2018-07-07,0,0,0,0,0,0,0,22.1,803.0,0
13241519,1,2018-07-08,0,4,9,6,8,7,6,22.8,803.0,5
32006454,1,2018-07-08,0,14,16,14,22,13,19,22.8,803.0,9
17398790,1,2018-07-08,0,1,3,2,1,0,3,22.8,803.0,1
25744913,1,2018-07-08,0,2,4,4,3,3,3,22.8,803.0,3
17784172,1,2018-07-08,0,4,3,6,4,6,9,22.8,803.0,7
82409336,1,2018-07-08,0,2,4,2,4,3,3,22.8,803.0,2
30660396,1,2018-07-08,0,8,9,6,13,7,6,22.8,803.0,3
15910264,1,2018-07-08,0,3,3,3,1,2,3,22.8,803.0,2
13308797,1,2018-07-08,0,3,3,4,4,4,4,22.8,803.0,2
20450490,1,2018-07-08,0,2,4,9,5,8,6,22.8,803.0,5
14765233,2,2018-07-08,0,2,3,7,3,0,4,22.8,803.0,2
11329993,2,2018-07-08,0,1,6,1,4,6,2,22.8,803.0,1
23504480,2,2018-07-08,0,1,2,2,3,1,2,22.8,803.0,1
32167692,3,2018-07-08,0,1,0,4,1,3,3,22.8,803.0,1
10640520,1,2018-07-08,0,0,0,0,0,0,0,22.8,803.0,0
27360281,3,2018-07-08,0,0,0,0,0,0,0,22.8,803.0,0
31134433,1,2018-07-08,0,0,0,0,0,0,0,22.8,803.0,0
14743260,1,2018-07-08,0,0,0,0,0,0,0,22.8,803.0,0
25504326,2,2018-07-08,0,0,0,0,0,0,0,22.8,803.0,0
28523203,2,2018-07-08,0,0,0,0,0,0,0,22.8,803.0,0
49603779,3,2018-07-08,0,0,0,0,0,0,0,22.8,803.0,0
43120576,3,2018-07-08,0,0,0,0,0,0,0,22.8,803.0,0
23182376,3,2018-07-08,0,0,0,0,0,0,0,22.8,803.0,0
16155406,3,2018-07-08,0,0,0,0,0,0,0,22.8,803.0,0
24656564,3,2018-07-08,0,0,0,0,0,0,0,22.8,803.0,0
75240713,3,2018-07-08,0,0,0,0,0,0,0,22.8,803.0,0
13601574,3,2018-07-08,0,0,0,0,0,0,0,22.8,803.0,0
11098183,3,2018-07-08,0,0,0,0,0,0,0,22.8,803.0,0
16788277,3,2018-07-08,0,0,0,0,0,0,0,22.8,803.0,0
19022266,1,2018-07-08,0,0,0,0,0,0,0,22.8,803.0,0
20230910,3,2018-07-08,0,0,0,0,0,0,0,22.8,803.0,0
11138126,3,2018-07-08,0,0,0,0,0,0,0,22.8,803.0,0
33945594,2,2018-07-08,0,0,0,0,0,0,0,22.8,803.0,0
67620702,1,2018-07-09,0,5,4,9,6,8,7,19.4,803.0,4
13306442,1,2018-07-09,0,9,14,16,14,22,13,19.4,803.0,15
19982265,1,2018-07-09,0,3,2,4,4,3,3,19.4,803.0,4
82147178,1,2018-07-09,0,0,0,4,5,3,4,19.4,803.0,3
31326559,1,2018-07-09,0,2,2,4,2,4,3,19.4,803.0,3
29151827,1,2018-07-09,0,3,8,9,6,13,7,19.4,803.0,5
34983514,1,2018-07-09,0,1,1,3,2,1,0,19.4,803.0,1
19869713,1,2018-07-09,0,0,1,4,2,3,2,19.4,803.0,1
74743544,1,2018-07-09,0,7,4,3,6,4,6,19.4,803.0,8
30674075,1,2018-07-09,0,2,3,3,3,1,2,19.4,803.0,3
17281915,1,2018-07-09,0,2,3,3,4,4,4,19.4,803.0,3
31584773,1,2018-07-09,0,5,2,4,9,5,8,19.4,803.0,5
17888721,2,2018-07-09,0,2,2,3,7,3,0,19.4,803.0,3
81110740,2,2018-07-09,0,1,1,2,2,3,1,19.4,803.0,2
45113888,2,2018-07-09,0,0,0,2,3,1,4,19.4,803.0,2
32651886,2,2018-07-09,0,1,1,6,1,4,6,19.4,803.0,4
32915984,2,2018-07-09,0,0,0,0,0,0,3,19.4,803.0,4
64754890,3,2018-07-09,0,0,0,0,0,0,0,19.4,803.0,1
18634726,3,2018-07-09,0,0,1,4,3,3,3,19.4,803.0,3
15963656,3,2018-07-09,0,1,1,0,4,1,3,19.4,803.0,3
30389992,3,2018-07-09,0,0,4,3,4,2,2,19.4,803.0,2
38205811,3,2018-07-09,0,0,0,2,0,0,2,19.4,803.0,1
27558673,3,2018-07-09,0,0,0,1,1,1,1,19.4,803.0,1
10640520,1,2018-07-09,0,0,0,0,0,0,0,19.4,803.0,0
43120576,3,2018-07-09,0,0,0,0,0,0,0,19.4,803.0,0
23182376,3,2018-07-09,0,0,0,0,0,0,0,19.4,803.0,0
75240713,3,2018-07-09,0,0,0,0,0,0,0,19.4,803.0,0
11098183,3,2018-07-09,0,0,0,0,0,0,0,19.4,803.0,0
16788277,3,2018-07-09,0,0,0,0,0,0,0,19.4,803.0,0
19022266,1,2018-07-09,0,0,0,0,0,0,0,19.4,803.0,0
20230910,3,2018-07-09,0,0,0,0,0,0,0,19.4,803.0,0
11138126,3,2018-07-09,0,0,0,0,0,0,0,19.4,803.0,0
33945594,2,2018-07-09,0,0,0,0,0,0,0,19.4,803.0,0
14653479,1,2018-07-10,0,4,5,4,9,6,8,19.5,801.0,5
16606544,1,2018-07-10,0,15,9,14,16,14,22,19.5,801.0,18
87852840,1,2018-07-10,0,1,1,1,3,2,1,19.5,801.0,2
32125075,1,2018-07-10,0,4,3,2,4,4,3,19.5,801.0,2
26206305,1,2018-07-10,0,3,0,0,4,5,3,19.5,801.0,5
29306977,1,2018-07-10,0,8,7,4,3,6,4,19.5,801.0,6
36977852,1,2018-07-10,0,3,2,2,4,2,4,19.5,801.0,3
16524953,1,2018-07-10,0,5,3,8,9,6,13,19.5,801.0,6
92570502,1,2018-07-10,0,1,0,1,4,2,3,19.5,801.0,3
16168873,1,2018-07-10,0,3,2,3,3,3,1,19.5,801.0,3
14324515,1,2018-07-10,0,3,2,3,3,4,4,19.5,801.0,4
23254134,1,2018-07-10,0,5,5,2,4,9,5,19.5,801.0,4
24698438,2,2018-07-10,0,3,2,2,3,7,3,19.5,801.0,4
25693623,2,2018-07-10,0,2,0,0,2,3,1,19.5,801.0,6
23936920,2,2018-07-10,0,4,1,1,6,1,4,19.5,801.0,4
67717925,2,2018-07-10,0,4,0,0,0,0,0,19.5,801.0,1
25996316,2,2018-07-10,0,2,1,1,2,2,3,19.5,801.0,2
15208896,3,2018-07-10,0,2,0,4,3,4,2,19.5,801.0,3
26123824,3,2018-07-10,0,1,0,0,1,1,1,19.5,801.0,2
16389623,3,2018-07-10,0,3,1,1,0,4,1,19.5,801.0,1
14632925,3,2018-07-10,0,3,0,1,4,3,3,19.5,801.0,1
10640520,1,2018-07-10,0,0,0,0,0,0,0,19.5,801.0,0
43120576,3,2018-07-10,0,0,0,0,0,0,0,19.5,801.0,0
23182376,3,2018-07-10,0,0,0,0,0,0,0,19.5,801.0,0
64754890,3,2018-07-10,0,0,0,0,0,0,0,19.5,801.0,0
38205811,3,2018-07-10,0,0,0,0,0,0,0,19.5,801.0,0
75240713,3,2018-07-10,0,0,0,0,0,0,0,19.5,801.0,0
11098183,3,2018-07-10,0,0,0,0,0,0,0,19.5,801.0,0
16788277,3,2018-07-10,0,0,0,0,0,0,0,19.5,801.0,0
19022266,1,2018-07-10,0,0,0,0,0,0,0,19.5,801.0,0
20230910,3,2018-07-10,0,0,0,0,0,0,0,19.5,801.0,0
11138126,3,2018-07-10,0,0,0,0,0,0,0,19.5,801.0,0
33945594,2,2018-07-10,0,0,0,0,0,0,0,19.5,801.0,0
49700302,1,2018-07-11,0,5,3,0,0,4,5,17.6,803.0,3
28796398,1,2018-07-11,0,18,15,9,14,16,14,17.6,803.0,15
21617877,1,2018-07-11,0,2,4,3,2,4,4,17.6,803.0,3
21578098,1,2018-07-11,0,3,3,2,2,4,2,17.6,803.0,3
10592040,1,2018-07-11,0,6,5,3,8,9,6,17.6,803.0,9
33964417,1,2018-07-11,0,5,4,5,4,9,6,17.6,803.0,3
29596308,1,2018-07-11,0,2,1,1,1,3,2,17.6,803.0,1
30785883,1,2018-07-11,0,3,1,0,1,4,2,17.6,803.0,2
49765592,1,2018-07-11,0,4,5,5,2,4,9,17.6,803.0,4
10970323,1,2018-07-11,0,3,3,2,3,3,3,17.6,803.0,2
16113272,1,2018-07-11,0,6,8,7,4,3,6,17.6,803.0,6
21569257,1,2018-07-11,0,4,3,2,3,3,4,17.6,803.0,4
31451908,2,2018-07-11,0,4,3,2,2,3,7,17.6,803.0,4
81575455,2,2018-07-11,0,2,2,1,1,2,2,17.6,803.0,2
17201511,2,2018-07-11,0,6,2,0,0,2,3,17.6,803.0,5
24931580,2,2018-07-11,0,4,4,1,1,6,1,17.6,803.0,4
16904249,2,2018-07-11,0,1,4,0,0,0,0,17.6,803.0,1
11462004,3,2018-07-11,0,3,2,0,4,3,4,17.6,803.0,3
24676768,3,2018-07-11,0,2,1,0,0,1,1,17.6,803.0,1
65173096,3,2018-07-11,0,1,3,1,1,0,4,17.6,803.0,2
22182897,3,2018-07-11,0,0,0,0,0,0,1,17.6,803.0,1
17212564,3,2018-07-11,0,1,3,0,1,4,3,17.6,803.0,1
10640520,1,2018-07-11,0,0,0,0,0,0,0,17.6,803.0,0
23182376,3,2018-07-11,0,0,0,0,0,0,0,17.6,803.0,0
64754890,3,2018-07-11,0,0,0,0,0,0,0,17.6,803.0,0
38205811,3,2018-07-11,0,0,0,0,0,0,0,17.6,803.0,0
75240713,3,2018-07-11,0,0,0,0,0,0,0,17.6,803.0,0
11098183,3,2018-07-11,0,0,0,0,0,0,0,17.6,803.0,0
16788277,3,2018-07-11,0,0,0,0,0,0,0,17.6,803.0,0
19022266,1,2018-07-11,0,0,0,0,0,0,0,17.6,803.0,0
20230910,3,2018-07-11,0,0,0,0,0,0,0,17.6,803.0,0
11138126,3,2018-07-11,0,0,0,0,0,0,0,17.6,803.0,0
33945594,2,2018-07-11,0,0,0,0,0,0,0,17.6,803.0,0
55097383,1,2018-07-12,0,3,5,3,0,0,4,17.3,803.0,3
33558780,1,2018-07-12,0,3,5,4,5,4,9,17.3,803.0,8
17591807,1,2018-07-12,0,15,18,15,9,14,16,17.3,803.0,17
12067404,1,2018-07-12,0,1,2,1,1,1,3,17.3,803.0,4
97858603,1,2018-07-12,0,3,2,4,3,2,4,17.3,803.0,3
29443326,1,2018-07-12,0,6,6,8,7,4,3,17.3,803.0,4
33748222,1,2018-07-12,0,3,3,3,2,2,4,17.3,803.0,3
33296541,1,2018-07-12,0,9,6,5,3,8,9,17.3,803.0,7
15227491,1,2018-07-12,0,2,3,1,0,1,4,17.3,803.0,1
32591188,1,2018-07-12,0,2,3,3,2,3,3,17.3,803.0,4
31188465,1,2018-07-12,0,4,4,3,2,3,3,17.3,803.0,3
29580548,1,2018-07-12,0,4,4,5,5,2,4,17.3,803.0,3
14813357,2,2018-07-12,0,4,4,3,2,2,3,17.3,803.0,5
16908247,2,2018-07-12,0,2,2,2,1,1,2,17.3,803.0,2
94687779,2,2018-07-12,0,5,6,2,0,0,2,17.3,803.0,3
15415368,2,2018-07-12,0,4,4,4,1,1,6,17.3,803.0,4
32827333,2,2018-07-12,0,1,1,4,0,0,0,17.3,803.0,3
31671496,3,2018-07-12,0,3,3,2,0,4,3,17.3,803.0,1
80520475,3,2018-07-12,0,1,2,1,0,0,1,17.3,803.0,1
27962150,3,2018-07-12,0,2,1,3,1,1,0,17.3,803.0,2
29696825,3,2018-07-12,0,0,0,1,0,0,2,17.3,803.0,1
10640520,1,2018-07-12,0,0,0,0,0,0,0,17.3,803.0,0
17212564,3,2018-07-12,0,0,0,0,0,0,0,17.3,803.0,0
22182897,3,2018-07-12,0,0,0,0,0,0,0,17.3,803.0,0
23182376,3,2018-07-12,0,0,0,0,0,0,0,17.3,803.0,0
64754890,3,2018-07-12,0,0,0,0,0,0,0,17.3,803.0,0
75240713,3,2018-07-12,0,0,0,0,0,0,0,17.3,803.0,0
11098183,3,2018-07-12,0,0,0,0,0,0,0,17.3,803.0,0
16788277,3,2018-07-12,0,0,0,0,0,0,0,17.3,803.0,0
19022266,1,2018-07-12,0,0,0,0,0,0,0,17.3,803.0,0
20230910,3,2018-07-12,0,0,0,0,0,0,0,17.3,803.0,0
11138126,3,2018-07-12,0,0,0,0,0,0,0,17.3,803.0,0
33945594,2,2018-07-12,0,0,0,0,0,0,0,17.3,803.0,0
56455753,1,2018-07-13,0,3,3,5,3,0,0,18.5,803.0,5
18333655,1,2018-07-13,0,8,3,5,4,5,4,18.5,803.0,10
11628838,1,2018-07-13,0,17,15,18,15,9,14,18.5,803.0,20
29182187,1,2018-07-13,0,4,1,2,1,1,1,18.5,803.0,2
81500519,1,2018-07-13,0,3,3,2,4,3,2,18.5,803.0,4
11518699,1,2018-07-13,0,4,6,6,8,7,4,18.5,803.0,13
21183378,1,2018-07-13,0,3,3,3,3,2,2,18.5,803.0,9
93793563,1,2018-07-13,0,7,9,6,5,3,8,18.5,803.0,10
16925863,1,2018-07-13,0,1,2,3,1,0,1,18.5,803.0,3
50874830,1,2018-07-13,0,3,4,4,5,5,2,18.5,803.0,8
27093261,1,2018-07-13,0,4,2,3,3,2,3,18.5,803.0,4
11096033,1,2018-07-13,0,3,4,4,3,2,3,18.5,803.0,3
18503330,2,2018-07-13,0,5,4,4,3,2,2,18.5,803.0,5
22630826,2,2018-07-13,0,3,5,6,2,0,0,18.5,803.0,2
17565704,2,2018-07-13,0,2,2,2,2,1,1,18.5,803.0,2
16879246,2,2018-07-13,0,4,4,4,4,1,1,18.5,803.0,5
15945484,2,2018-07-13,0,3,1,1,4,0,0,18.5,803.0,4
20291065,3,2018-07-13,0,1,3,3,2,0,4,18.5,803.0,2
25131522,3,2018-07-13,0,0,1,1,3,0,1,18.5,803.0,5
40081555,3,2018-07-13,0,2,2,1,3,1,1,18.5,803.0,3
16455517,3,2018-07-13,0,1,0,0,1,0,0,18.5,803.0,1
10640520,1,2018-07-13,0,0,0,0,0,0,0,18.5,803.0,0
22182897,3,2018-07-13,0,0,0,0,0,0,0,18.5,803.0,0
23182376,3,2018-07-13,0,0,0,0,0,0,0,18.5,803.0,0
64754890,3,2018-07-13,0,0,0,0,0,0,0,18.5,803.0,0
75240713,3,2018-07-13,0,0,0,0,0,0,0,18.5,803.0,0
80520475,3,2018-07-13,0,0,0,0,0,0,0,18.5,803.0,0
11098183,3,2018-07-13,0,0,0,0,0,0,0,18.5,803.0,0
16788277,3,2018-07-13,0,0,0,0,0,0,0,18.5,803.0,0
19022266,1,2018-07-13,0,0,0,0,0,0,0,18.5,803.0,0
20230910,3,2018-07-13,0,0,0,0,0,0,0,18.5,803.0,0
11138126,3,2018-07-13,0,0,0,0,0,0,0,18.5,803.0,0
33945594,2,2018-07-13,0,0,0,0,0,0,0,18.5,803.0,0
31706219,1,2018-07-14,0,10,8,3,5,4,5,22.8,801.0,8
21751912,1,2018-07-14,0,20,17,15,18,15,9,22.8,801.0,11
20863400,1,2018-07-14,0,4,3,3,2,4,3,22.8,801.0,2
10541832,1,2018-07-14,0,9,3,3,3,3,2,22.8,801.0,4
23803372,1,2018-07-14,0,10,7,9,6,5,3,22.8,801.0,8
31504689,1,2018-07-14,0,3,1,2,3,1,0,22.8,801.0,2
20813269,1,2018-07-14,0,4,4,2,3,3,2,22.8,801.0,4
31954945,1,2018-07-14,0,13,4,6,6,8,7,22.8,801.0,3
51419006,1,2018-07-14,0,3,3,4,4,3,2,22.8,801.0,3
63459996,2,2018-07-14,0,2,2,2,2,2,1,22.8,801.0,2
36860645,2,2018-07-14,0,5,5,4,4,3,2,22.8,801.0,2
33039476,2,2018-07-14,0,5,4,4,4,4,1,22.8,801.0,4
29182187,1,2018-07-14,0,0,0,0,0,0,0,22.8,801.0,0
50874830,1,2018-07-14,0,0,0,0,0,0,0,22.8,801.0,0
10640520,1,2018-07-14,0,0,0,0,0,0,0,22.8,801.0,0
25131522,3,2018-07-14,0,0,0,0,0,0,0,22.8,801.0,0
56455753,1,2018-07-14,0,0,0,0,0,0,0,22.8,801.0,0
22630826,2,2018-07-14,0,0,0,0,0,0,0,22.8,801.0,0
15945484,2,2018-07-14,0,0,0,0,0,0,0,22.8,801.0,0
20291065,3,2018-07-14,0,0,0,0,0,0,0,22.8,801.0,0
22182897,3,2018-07-14,0,0,0,0,0,0,0,22.8,801.0,0
23182376,3,2018-07-14,0,0,0,0,0,0,0,22.8,801.0,0
64754890,3,2018-07-14,0,0,0,0,0,0,0,22.8,801.0,0
40081555,3,2018-07-14,0,0,0,0,0,0,0,22.8,801.0,0
16455517,3,2018-07-14,0,0,0,0,0,0,0,22.8,801.0,0
75240713,3,2018-07-14,0,0,0,0,0,0,0,22.8,801.0,0
80520475,3,2018-07-14,0,0,0,0,0,0,0,22.8,801.0,0
11098183,3,2018-07-14,0,0,0,0,0,0,0,22.8,801.0,0
16788277,3,2018-07-14,0,0,0,0,0,0,0,22.8,801.0,0
19022266,1,2018-07-14,0,0,0,0,0,0,0,22.8,801.0,0
20230910,3,2018-07-14,0,0,0,0,0,0,0,22.8,801.0,0
11138126,3,2018-07-14,0,0,0,0,0,0,0,22.8,801.0,0
33945594,2,2018-07-14,0,0,0,0,0,0,0,22.8,801.0,0
25526964,1,2018-07-15,0,8,10,8,3,5,4,18.1,300.0,8
81884948,1,2018-07-15,0,11,20,17,15,18,15,18.1,300.0,12
21516858,1,2018-07-15,0,3,13,4,6,6,8,18.1,300.0,1
40897039,1,2018-07-15,0,4,9,3,3,3,3,18.1,300.0,3
23421881,1,2018-07-15,0,8,10,7,9,6,5,18.1,300.0,6
14066573,1,2018-07-15,0,0,2,4,1,2,1,18.1,300.0,1
22835857,1,2018-07-15,0,2,3,1,2,3,1,18.1,300.0,2
23076376,1,2018-07-15,0,4,4,4,2,3,3,18.1,300.0,3
91655043,1,2018-07-15,0,0,8,3,4,4,5,18.1,300.0,4
17560726,1,2018-07-15,0,2,4,3,3,2,4,18.1,300.0,1
26411082,1,2018-07-15,0,3,3,3,4,4,3,18.1,300.0,3
10640520,1,2018-07-15,0,0,0,0,0,0,0,18.1,300.0,0
36860645,2,2018-07-15,0,0,0,0,0,0,0,18.1,300.0,0
25131522,3,2018-07-15,0,0,0,0,0,0,0,18.1,300.0,0
56455753,1,2018-07-15,0,0,0,0,0,0,0,18.1,300.0,0
22630826,2,2018-07-15,0,0,0,0,0,0,0,18.1,300.0,0
33039476,2,2018-07-15,0,0,0,0,0,0,0,18.1,300.0,0
15945484,2,2018-07-15,0,0,0,0,0,0,0,18.1,300.0,0
20291065,3,2018-07-15,0,0,0,0,0,0,0,18.1,300.0,0
22182897,3,2018-07-15,0,0,0,0,0,0,0,18.1,300.0,0
23182376,3,2018-07-15,0,0,0,0,0,0,0,18.1,300.0,0
64754890,3,2018-07-15,0,0,0,0,0,0,0,18.1,300.0,0
40081555,3,2018-07-15,0,0,0,0,0,0,0,18.1,300.0,0
16455517,3,2018-07-15,0,0,0,0,0,0,0,18.1,300.0,0
75240713,3,2018-07-15,0,0,0,0,0,0,0,18.1,300.0,0
63459996,2,2018-07-15,0,0,0,0,0,0,0,18.1,300.0,0
80520475,3,2018-07-15,0,0,0,0,0,0,0,18.1,300.0,0
11098183,3,2018-07-15,0,0,0,0,0,0,0,18.1,300.0,0
16788277,3,2018-07-15,0,0,0,0,0,0,0,18.1,300.0,0
19022266,1,2018-07-15,0,0,0,0,0,0,0,18.1,300.0,0
20230910,3,2018-07-15,0,0,0,0,0,0,0,18.1,300.0,0
11138126,3,2018-07-15,0,0,0,0,0,0,0,18.1,300.0,0
33945594,2,2018-07-15,0,0,0,0,0,0,0,18.1,300.0,0
32208679,1,2018-07-16,0,8,8,10,8,3,5,18.2,803.0,4
12533235,1,2018-07-16,0,12,11,20,17,15,18,18.2,803.0,22
21326283,1,2018-07-16,0,1,0,2,4,1,2,18.2,803.0,4
19432110,1,2018-07-16,0,0,0,5,3,3,5,18.2,803.0,2
21403639,1,2018-07-16,0,3,4,9,3,3,3,18.2,803.0,1
13837179,1,2018-07-16,0,6,8,10,7,9,6,18.2,803.0,9
20753137,1,2018-07-16,0,2,2,3,1,2,3,18.2,803.0,3
32479232,1,2018-07-16,0,1,3,13,4,6,6,18.2,803.0,11
29567703,1,2018-07-16,0,3,3,3,3,4,4,18.2,803.0,2
58737008,1,2018-07-16,0,4,0,8,3,4,4,18.2,803.0,4
25561818,1,2018-07-16,0,1,2,4,3,3,2,18.2,803.0,2
20926030,2,2018-07-16,0,0,0,2,3,5,6,18.2,803.0,5
25422651,2,2018-07-16,0,0,2,5,5,4,4,18.2,803.0,3
31686940,2,2018-07-16,0,0,4,5,4,4,4,18.2,803.0,3
57749085,2,2018-07-16,0,0,0,4,3,1,1,18.2,803.0,2
24305991,3,2018-07-16,0,0,0,2,1,3,3,18.2,803.0,3
58777420,3,2018-07-16,0,0,0,0,1,1,2,18.2,803.0,1
13458276,3,2018-07-16,0,0,0,3,2,2,1,18.2,803.0,1
17061734,3,2018-07-16,0,0,0,5,0,1,1,18.2,803.0,2
23076376,1,2018-07-16,0,0,0,0,0,0,0,18.2,803.0,0
10640520,1,2018-07-16,0,0,0,0,0,0,0,18.2,803.0,0
22182897,3,2018-07-16,0,0,0,0,0,0,0,18.2,803.0,0
23182376,3,2018-07-16,0,0,0,0,0,0,0,18.2,803.0,0
64754890,3,2018-07-16,0,0,0,0,0,0,0,18.2,803.0,0
16455517,3,2018-07-16,0,0,0,0,0,0,0,18.2,803.0,0
75240713,3,2018-07-16,0,0,0,0,0,0,0,18.2,803.0,0
63459996,2,2018-07-16,0,0,0,0,0,0,0,18.2,803.0,0
11098183,3,2018-07-16,0,0,0,0,0,0,0,18.2,803.0,0
16788277,3,2018-07-16,0,0,0,0,0,0,0,18.2,803.0,0
19022266,1,2018-07-16,0,0,0,0,0,0,0,18.2,803.0,0
20230910,3,2018-07-16,0,0,0,0,0,0,0,18.2,803.0,0
11138126,3,2018-07-16,0,0,0,0,0,0,0,18.2,803.0,0
33945594,2,2018-07-16,0,0,0,0,0,0,0,18.2,803.0,0
24972353,1,2018-07-17,0,4,8,8,10,8,3,17.8,803.0,8
18584440,1,2018-07-17,0,22,12,11,20,17,15,17.8,803.0,18
18955682,1,2018-07-17,0,4,1,0,2,4,1,17.8,803.0,2
26188243,1,2018-07-17,0,2,0,0,5,3,3,17.8,803.0,5
29117068,1,2018-07-17,0,1,3,4,9,3,3,17.8,803.0,3
43973452,1,2018-07-17,0,9,6,8,10,7,9,17.8,803.0,6
28469273,1,2018-07-17,0,3,2,2,3,1,2,17.8,803.0,3
75119539,1,2018-07-17,0,4,4,0,8,3,4,17.8,803.0,6
33574361,1,2018-07-17,0,0,3,4,4,4,2,17.8,803.0,4
19520011,1,2018-07-17,0,11,1,3,13,4,6,17.8,803.0,3
50742496,1,2018-07-17,0,2,3,3,3,3,4,17.8,803.0,4
91611970,1,2018-07-17,0,2,1,2,4,3,3,17.8,803.0,2
11784424,2,2018-07-17,0,0,0,2,2,2,2,17.8,803.0,2
74399157,2,2018-07-17,0,3,0,2,5,5,4,17.8,803.0,2
10299005,2,2018-07-17,0,3,0,4,5,4,4,17.8,803.0,4
23913823,2,2018-07-17,0,2,0,0,4,3,1,17.8,803.0,2
33945594,2,2018-07-17,0,0,0,0,0,0,0,17.8,803.0,2
75367692,3,2018-07-17,0,3,0,0,2,1,3,17.8,803.0,3
95606831,3,2018-07-17,0,1,0,0,0,1,1,17.8,803.0,1
82735138,3,2018-07-17,0,2,0,0,5,0,1,17.8,803.0,6
11698802,3,2018-07-17,0,0,0,0,1,1,0,17.8,803.0,1
20491639,3,2018-07-17,0,1,0,0,3,2,2,17.8,803.0,1
10640520,1,2018-07-17,0,0,0,0,0,0,0,17.8,803.0,0
20926030,2,2018-07-17,0,0,0,0,0,0,0,17.8,803.0,0
22182897,3,2018-07-17,0,0,0,0,0,0,0,17.8,803.0,0
23182376,3,2018-07-17,0,0,0,0,0,0,0,17.8,803.0,0
64754890,3,2018-07-17,0,0,0,0,0,0,0,17.8,803.0,0
75240713,3,2018-07-17,0,0,0,0,0,0,0,17.8,803.0,0
11098183,3,2018-07-17,0,0,0,0,0,0,0,17.8,803.0,0
16788277,3,2018-07-17,0,0,0,0,0,0,0,17.8,803.0,0
19022266,1,2018-07-17,0,0,0,0,0,0,0,17.8,803.0,0
20230910,3,2018-07-17,0,0,0,0,0,0,0,17.8,803.0,0
11138126,3,2018-07-17,0,0,0,0,0,0,0,17.8,803.0,0
33381600,1,2018-07-18,0,5,2,0,0,5,3,18.9,803.0,3
19374509,1,2018-07-18,0,8,4,8,8,10,8,18.9,803.0,7
30159194,1,2018-07-18,0,18,22,12,11,20,17,18.9,803.0,21
41332930,1,2018-07-18,0,2,4,1,0,2,4,18.9,803.0,4
17425123,1,2018-07-18,0,3,1,3,4,9,3,18.9,803.0,3
88250089,1,2018-07-18,0,6,9,6,8,10,7,18.9,803.0,10
25915120,1,2018-07-18,0,6,4,4,0,8,3,18.9,803.0,2
24373529,1,2018-07-18,0,4,0,3,4,4,4,18.9,803.0,3
29037575,1,2018-07-18,0,3,3,2,2,3,1,18.9,803.0,1
30126843,1,2018-07-18,0,3,11,1,3,13,4,18.9,803.0,4
24301878,1,2018-07-18,0,4,2,3,3,3,3,18.9,803.0,4
22046226,1,2018-07-18,0,2,2,1,2,4,3,18.9,803.0,2
27576600,2,2018-07-18,0,2,3,0,2,5,5,18.9,803.0,4
64503692,2,2018-07-18,0,2,0,0,2,2,2,18.9,803.0,2
11040671,2,2018-07-18,0,0,5,0,0,2,3,18.9,803.0,5
21801756,2,2018-07-18,0,4,3,0,4,5,4,18.9,803.0,5
26113212,2,2018-07-18,0,2,2,0,0,4,3,18.9,803.0,3
63740395,3,2018-07-18,0,3,3,0,0,2,1,18.9,803.0,3
30005508,3,2018-07-18,0,6,2,0,0,5,0,18.9,803.0,4
11000128,3,2018-07-18,0,1,1,0,0,3,2,18.9,803.0,2
28655729,3,2018-07-18,0,1,0,0,0,1,1,18.9,803.0,1
10640520,1,2018-07-18,0,0,0,0,0,0,0,18.9,803.0,0
22182897,3,2018-07-18,0,0,0,0,0,0,0,18.9,803.0,0
23182376,3,2018-07-18,0,0,0,0,0,0,0,18.9,803.0,0
64754890,3,2018-07-18,0,0,0,0,0,0,0,18.9,803.0,0
75240713,3,2018-07-18,0,0,0,0,0,0,0,18.9,803.0,0
95606831,3,2018-07-18,0,0,0,0,0,0,0,18.9,803.0,0
11098183,3,2018-07-18,0,0,0,0,0,0,0,18.9,803.0,0
16788277,3,2018-07-18,0,0,0,0,0,0,0,18.9,803.0,0
19022266,1,2018-07-18,0,0,0,0,0,0,0,18.9,803.0,0
20230910,3,2018-07-18,0,0,0,0,0,0,0,18.9,803.0,0
11138126,3,2018-07-18,0,0,0,0,0,0,0,18.9,803.0,0
33945594,2,2018-07-18,0,0,0,0,0,0,0,18.9,803.0,0
59962952,1,2018-07-19,0,7,8,4,8,8,10,19.9,803.0,11
16215410,1,2018-07-19,0,21,18,22,12,11,20,19.9,803.0,23
11216143,1,2018-07-19,0,4,2,4,1,0,2,19.9,803.0,2
86683586,1,2018-07-19,0,3,5,2,0,0,5,19.9,803.0,4
13068222,1,2018-07-19,0,3,3,1,3,4,9,19.9,803.0,4
23627181,1,2018-07-19,0,10,6,9,6,8,10,19.9,803.0,13
26980688,1,2018-07-19,0,1,3,3,2,2,3,19.9,803.0,5
44374540,1,2018-07-19,0,2,6,4,4,0,8,19.9,803.0,8
33737323,1,2018-07-19,0,4,3,11,1,3,13,19.9,803.0,6
23025442,1,2018-07-19,0,3,4,0,3,4,4,19.9,803.0,1
30627310,1,2018-07-19,0,4,4,2,3,3,3,19.9,803.0,2
29908336,1,2018-07-19,0,2,2,2,1,2,4,19.9,803.0,3
25331275,2,2018-07-19,0,4,2,3,0,2,5,19.9,803.0,6
22102792,2,2018-07-19,0,5,0,5,0,0,2,19.9,803.0,5
89697429,2,2018-07-19,0,2,2,0,0,2,2,19.9,803.0,2
71637382,2,2018-07-19,0,5,4,3,0,4,5,19.9,803.0,7
63663777,2,2018-07-19,0,3,2,2,0,0,4,19.9,803.0,1
10355658,3,2018-07-19,0,3,3,3,0,0,2,19.9,803.0,4
65229292,3,2018-07-19,0,0,1,1,0,0,0,19.9,803.0,3
23741227,3,2018-07-19,0,2,1,1,0,0,3,19.9,803.0,3
18195898,3,2018-07-19,0,4,6,2,0,0,5,19.9,803.0,1
10640520,1,2018-07-19,0,0,0,0,0,0,0,19.9,803.0,0
22182897,3,2018-07-19,0,0,0,0,0,0,0,19.9,803.0,0
23182376,3,2018-07-19,0,0,0,0,0,0,0,19.9,803.0,0
64754890,3,2018-07-19,0,0,0,0,0,0,0,19.9,803.0,0
28655729,3,2018-07-19,0,0,0,0,0,0,0,19.9,803.0,0
75240713,3,2018-07-19,0,0,0,0,0,0,0,19.9,803.0,0
11098183,3,2018-07-19,0,0,0,0,0,0,0,19.9,803.0,0
16788277,3,2018-07-19,0,0,0,0,0,0,0,19.9,803.0,0
19022266,1,2018-07-19,0,0,0,0,0,0,0,19.9,803.0,0
20230910,3,2018-07-19,0,0,0,0,0,0,0,19.9,803.0,0
11138126,3,2018-07-19,0,0,0,0,0,0,0,19.9,803.0,0
33945594,2,2018-07-19,0,0,0,0,0,0,0,19.9,803.0,0
30043839,1,2018-07-20,0,11,7,8,4,8,8,17.5,803.0,9
30739427,1,2018-07-20,0,23,21,18,22,12,11,17.5,803.0,21
24446276,1,2018-07-20,0,2,4,2,4,1,0,17.5,803.0,3
31084906,1,2018-07-20,0,4,3,5,2,0,0,17.5,803.0,5
18451215,1,2018-07-20,0,4,3,3,1,3,4,17.5,803.0,4
58908286,1,2018-07-20,0,13,10,6,9,6,8,17.5,803.0,8
29727521,1,2018-07-20,0,5,1,3,3,2,2,17.5,803.0,3
41419714,1,2018-07-20,0,1,3,4,0,3,4,17.5,803.0,3
17827669,1,2018-07-20,0,6,4,3,11,1,3,17.5,803.0,7
32780041,1,2018-07-20,0,2,4,4,2,3,3,17.5,803.0,4
30377374,1,2018-07-20,0,8,2,6,4,4,0,17.5,803.0,10
16098221,1,2018-07-20,0,3,2,2,2,1,2,17.5,803.0,3
23954620,2,2018-07-20,0,6,4,2,3,0,2,17.5,803.0,7
27744810,2,2018-07-20,0,2,2,2,0,0,2,17.5,803.0,2
22238357,2,2018-07-20,0,5,5,0,5,0,0,17.5,803.0,6
16039659,2,2018-07-20,0,7,5,4,3,0,4,17.5,803.0,7
23207365,2,2018-07-20,0,1,3,2,2,0,0,17.5,803.0,2
27825968,3,2018-07-20,0,4,3,3,3,0,0,17.5,803.0,2
70225146,3,2018-07-20,0,3,2,1,1,0,0,17.5,803.0,3
22129891,3,2018-07-20,0,0,1,1,0,0,0,17.5,803.0,1
73511370,3,2018-07-20,0,1,4,6,2,0,0,17.5,803.0,1
10640520,1,2018-07-20,0,0,0,0,0,0,0,17.5,803.0,0
22182897,3,2018-07-20,0,0,0,0,0,0,0,17.5,803.0,0
23182376,3,2018-07-20,0,0,0,0,0,0,0,17.5,803.0,0
64754890,3,2018-07-20,0,0,0,0,0,0,0,17.5,803.0,0
75240713,3,2018-07-20,0,0,0,0,0,0,0,17.5,803.0,0
65229292,3,2018-07-20,0,0,0,0,0,0,0,17.5,803.0,0
11098183,3,2018-07-20,0,0,0,0,0,0,0,17.5,803.0,0
16788277,3,2018-07-20,0,0,0,0,0,0,0,17.5,803.0,0
19022266,1,2018-07-20,0,0,0,0,0,0,0,17.5,803.0,0
20230910,3,2018-07-20,0,0,0,0,0,0,0,17.5,803.0,0
11138126,3,2018-07-20,0,0,0,0,0,0,0,17.5,803.0,0
33945594,2,2018-07-20,0,0,0,0,0,0,0,17.5,803.0,0
65105167,1,2018-07-21,0,9,11,7,8,4,8,17.9,803.0,5
21424314,1,2018-07-21,0,21,23,21,18,22,12,17.9,803.0,12
27195302,1,2018-07-21,0,3,2,4,2,4,1,17.9,803.0,2
68725592,1,2018-07-21,0,3,3,2,2,2,1,17.9,803.0,3
59134471,1,2018-07-21,0,7,6,4,3,11,1,17.9,803.0,6
17872770,1,2018-07-21,0,8,13,10,6,9,6,17.9,803.0,6
94952385,1,2018-07-21,0,3,5,1,3,3,2,17.9,803.0,3
31433637,1,2018-07-21,0,3,1,3,4,0,3,17.9,803.0,3
13719170,1,2018-07-21,0,4,2,4,4,2,3,17.9,803.0,3
31728666,1,2018-07-21,0,10,8,2,6,4,4,17.9,803.0,3
28682153,2,2018-07-21,0,7,6,4,2,3,0,17.9,803.0,3
59110498,2,2018-07-21,0,2,2,2,2,0,0,17.9,803.0,1
43814023,2,2018-07-21,0,7,7,5,4,3,0,17.9,803.0,2
45187175,3,2018-07-21,0,3,3,2,1,1,0,17.9,803.0,2
30653600,3,2018-07-21,0,2,4,3,3,3,0,17.9,803.0,3
11644746,3,2018-07-21,0,1,1,4,6,2,0,17.9,803.0,2
18451215,1,2018-07-21,0,0,0,0,0,0,0,17.9,803.0,0
10640520,1,2018-07-21,0,0,0,0,0,0,0,17.9,803.0,0
31084906,1,2018-07-21,0,0,0,0,0,0,0,17.9,803.0,0
22238357,2,2018-07-21,0,0,0,0,0,0,0,17.9,803.0,0
23207365,2,2018-07-21,0,0,0,0,0,0,0,17.9,803.0,0
22182897,3,2018-07-21,0,0,0,0,0,0,0,17.9,803.0,0
23182376,3,2018-07-21,0,0,0,0,0,0,0,17.9,803.0,0
64754890,3,2018-07-21,0,0,0,0,0,0,0,17.9,803.0,0
22129891,3,2018-07-21,0,0,0,0,0,0,0,17.9,803.0,0
75240713,3,2018-07-21,0,0,0,0,0,0,0,17.9,803.0,0
65229292,3,2018-07-21,0,0,0,0,0,0,0,17.9,803.0,0
11098183,3,2018-07-21,0,0,0,0,0,0,0,17.9,803.0,0
16788277,3,2018-07-21,0,0,0,0,0,0,0,17.9,803.0,0
19022266,1,2018-07-21,0,0,0,0,0,0,0,17.9,803.0,0
20230910,3,2018-07-21,0,0,0,0,0,0,0,17.9,803.0,0
11138126,3,2018-07-21,0,0,0,0,0,0,0,17.9,803.0,0
33945594,2,2018-07-21,0,0,0,0,0,0,0,17.9,803.0,0
59312837,1,2018-07-22,0,5,9,11,7,8,4,22.5,803.0,5
20365253,1,2018-07-22,0,12,21,23,21,18,22,22.5,803.0,7
30225438,1,2018-07-22,0,3,10,8,2,6,4,22.5,803.0,8
23085387,1,2018-07-22,0,2,3,2,4,2,4,22.5,803.0,2
43099083,1,2018-07-22,0,6,7,6,4,3,11,22.5,803.0,5
33170702,1,2018-07-22,0,3,4,2,4,4,2,22.5,803.0,3
18848289,1,2018-07-22,0,3,3,3,2,2,2,22.5,803.0,1
20795084,1,2018-07-22,0,6,8,13,10,6,9,22.5,803.0,3
95191128,1,2018-07-22,0,0,4,4,3,3,1,22.5,803.0,4
29508972,2,2018-07-22,0,2,7,7,5,4,3,22.5,803.0,1
27301981,2,2018-07-22,0,0,2,1,3,2,2,22.5,803.0,1
31433637,1,2018-07-22,0,0,0,0,0,0,0,22.5,803.0,0
10640520,1,2018-07-22,0,0,0,0,0,0,0,22.5,803.0,0
28682153,2,2018-07-22,0,0,0,0,0,0,0,22.5,803.0,0
11644746,3,2018-07-22,0,0,0,0,0,0,0,22.5,803.0,0
31084906,1,2018-07-22,0,0,0,0,0,0,0,22.5,803.0,0
94952385,1,2018-07-22,0,0,0,0,0,0,0,22.5,803.0,0
22238357,2,2018-07-22,0,0,0,0,0,0,0,22.5,803.0,0
30653600,3,2018-07-22,0,0,0,0,0,0,0,22.5,803.0,0
22182897,3,2018-07-22,0,0,0,0,0,0,0,22.5,803.0,0
23182376,3,2018-07-22,0,0,0,0,0,0,0,22.5,803.0,0
64754890,3,2018-07-22,0,0,0,0,0,0,0,22.5,803.0,0
45187175,3,2018-07-22,0,0,0,0,0,0,0,22.5,803.0,0
22129891,3,2018-07-22,0,0,0,0,0,0,0,22.5,803.0,0
75240713,3,2018-07-22,0,0,0,0,0,0,0,22.5,803.0,0
59110498,2,2018-07-22,0,0,0,0,0,0,0,22.5,803.0,0
65229292,3,2018-07-22,0,0,0,0,0,0,0,22.5,803.0,0
11098183,3,2018-07-22,0,0,0,0,0,0,0,22.5,803.0,0
16788277,3,2018-07-22,0,0,0,0,0,0,0,22.5,803.0,0
19022266,1,2018-07-22,0,0,0,0,0,0,0,22.5,803.0,0
20230910,3,2018-07-22,0,0,0,0,0,0,0,22.5,803.0,0
11138126,3,2018-07-22,0,0,0,0,0,0,0,22.5,803.0,0
33945594,2,2018-07-22,0,0,0,0,0,0,0,22.5,803.0,0
46116479,1,2018-07-23,0,0,0,5,4,3,5,23.1,803.0,5
33368715,1,2018-07-23,0,5,5,9,11,7,8,23.1,803.0,4
11756362,1,2018-07-23,0,7,12,21,23,21,18,23.1,803.0,16
18546210,1,2018-07-23,0,1,3,3,3,2,2,23.1,803.0,4
27993448,1,2018-07-23,0,4,0,4,4,3,3,23.1,803.0,3
23050827,1,2018-07-23,0,3,6,8,13,10,6,23.1,803.0,4
27297801,1,2018-07-23,0,0,3,3,5,1,3,23.1,803.0,2
31462769,1,2018-07-23,0,8,3,10,8,2,6,23.1,803.0,5
96176346,1,2018-07-23,0,0,3,3,1,3,4,23.1,803.0,4
33312611,1,2018-07-23,0,5,6,7,6,4,3,23.1,803.0,8
65585653,1,2018-07-23,0,3,3,4,2,4,4,23.1,803.0,3
18981994,2,2018-07-23,0,0,0,6,5,5,0,23.1,803.0,6
93446802,2,2018-07-23,0,1,0,2,1,3,2,23.1,803.0,1
33442090,2,2018-07-23,0,0,3,7,6,4,2,23.1,803.0,1
13144690,2,2018-07-23,0,1,2,7,7,5,4,23.1,803.0,3
21691597,2,2018-07-23,0,0,1,2,2,2,2,23.1,803.0,1
18847192,3,2018-07-23,0,0,2,1,1,4,6,23.1,803.0,2
10662296,3,2018-07-23,0,0,2,3,3,2,1,23.1,803.0,1
23085387,1,2018-07-23,0,0,0,0,0,0,0,23.1,803.0,0
10640520,1,2018-07-23,0,0,0,0,0,0,0,23.1,803.0,0
30653600,3,2018-07-23,0,0,0,0,0,0,0,23.1,803.0,0
22182897,3,2018-07-23,0,0,0,0,0,0,0,23.1,803.0,0
23182376,3,2018-07-23,0,0,0,0,0,0,0,23.1,803.0,0
64754890,3,2018-07-23,0,0,0,0,0,0,0,23.1,803.0,0
22129891,3,2018-07-23,0,0,0,0,0,0,0,23.1,803.0,0
75240713,3,2018-07-23,0,0,0,0,0,0,0,23.1,803.0,0
65229292,3,2018-07-23,0,0,0,0,0,0,0,23.1,803.0,0
11098183,3,2018-07-23,0,0,0,0,0,0,0,23.1,803.0,0
16788277,3,2018-07-23,0,0,0,0,0,0,0,23.1,803.0,0
19022266,1,2018-07-23,0,0,0,0,0,0,0,23.1,803.0,0
20230910,3,2018-07-23,0,0,0,0,0,0,0,23.1,803.0,0
11138126,3,2018-07-23,0,0,0,0,0,0,0,23.1,803.0,0
33945594,2,2018-07-23,0,0,0,0,0,0,0,23.1,803.0,0
17334244,1,2018-07-24,0,4,5,5,9,11,7,19.2,803.0,8
26164686,1,2018-07-24,0,16,7,12,21,23,21,19.2,803.0,20
55173003,1,2018-07-24,0,0,2,2,3,2,4,19.2,803.0,3
25572195,1,2018-07-24,0,5,0,0,5,4,3,19.2,803.0,5
31737521,1,2018-07-24,0,8,5,6,7,6,4,19.2,803.0,11
17746467,1,2018-07-24,0,3,4,0,4,4,3,19.2,803.0,3
11258037,1,2018-07-24,0,4,3,6,8,13,10,19.2,803.0,6
19627976,1,2018-07-24,0,2,0,3,3,5,1,19.2,803.0,3
19179170,1,2018-07-24,0,4,0,3,3,1,3,19.2,803.0,4
29548532,1,2018-07-24,0,3,3,3,4,2,4,19.2,803.0,4
18039919,1,2018-07-24,0,5,8,3,10,8,2,19.2,803.0,7
89532597,1,2018-07-24,0,4,1,3,3,3,2,19.2,803.0,3
31350992,2,2018-07-24,0,1,0,3,7,6,4,19.2,803.0,3
12607054,2,2018-07-24,0,6,0,0,6,5,5,19.2,803.0,4
20315147,2,2018-07-24,0,1,1,0,2,1,3,19.2,803.0,4
75916749,2,2018-07-24,0,1,0,1,2,2,2,19.2,803.0,2
26645207,2,2018-07-24,0,3,1,2,7,7,5,19.2,803.0,1
34508725,3,2018-07-24,0,0,0,3,2,4,3,19.2,803.0,5
29605516,3,2018-07-24,0,2,0,2,1,1,4,19.2,803.0,4
47714393,3,2018-07-24,0,1,0,2,3,3,2,19.2,803.0,2
64349521,3,2018-07-24,0,0,0,0,1,0,1,19.2,803.0,1
23219985,3,2018-07-24,0,0,0,0,0,3,0,19.2,803.0,2
10640520,1,2018-07-24,0,0,0,0,0,0,0,19.2,803.0,0
22182897,3,2018-07-24,0,0,0,0,0,0,0,19.2,803.0,0
23182376,3,2018-07-24,0,0,0,0,0,0,0,19.2,803.0,0
64754890,3,2018-07-24,0,0,0,0,0,0,0,19.2,803.0,0
75240713,3,2018-07-24,0,0,0,0,0,0,0,19.2,803.0,0
11098183,3,2018-07-24,0,0,0,0,0,0,0,19.2,803.0,0
16788277,3,2018-07-24,0,0,0,0,0,0,0,19.2,803.0,0
19022266,1,2018-07-24,0,0,0,0,0,0,0,19.2,803.0,0
20230910,3,2018-07-24,0,0,0,0,0,0,0,19.2,803.0,0
11138126,3,2018-07-24,0,0,0,0,0,0,0,19.2,803.0,0
33945594,2,2018-07-24,0,0,0,0,0,0,0,19.2,803.0,0
13024715,1,2018-07-25,0,5,5,0,0,5,4,21.0,803.0,3
17233557,1,2018-07-25,0,20,16,7,12,21,23,21.0,803.0,18
20677598,1,2018-07-25,0,3,3,4,0,4,4,21.0,803.0,3
28174078,1,2018-07-25,0,6,4,3,6,8,13,21.0,803.0,4
33830390,1,2018-07-25,0,8,4,5,5,9,11,21.0,803.0,2
17390751,1,2018-07-25,0,3,0,2,2,3,2,21.0,803.0,2
15842450,1,2018-07-25,0,7,5,8,3,10,8,21.0,803.0,8
32986308,1,2018-07-25,0,3,2,0,3,3,5,21.0,803.0,1
28591964,1,2018-07-25,0,11,8,5,6,7,6,21.0,803.0,7
31913074,1,2018-07-25,0,4,4,0,3,3,1,21.0,803.0,3
10682944,1,2018-07-25,0,4,3,3,3,4,2,21.0,803.0,3
31792102,1,2018-07-25,0,3,4,1,3,3,3,21.0,803.0,2
13432869,2,2018-07-25,0,3,1,0,3,7,6,21.0,803.0,3
17431119,2,2018-07-25,0,4,6,0,0,6,5,21.0,803.0,7
83745101,2,2018-07-25,0,4,1,1,0,2,1,21.0,803.0,3
15933542,2,2018-07-25,0,2,1,0,1,2,2,21.0,803.0,2
26835277,2,2018-07-25,0,1,3,1,2,7,7,21.0,803.0,4
23581092,3,2018-07-25,0,5,0,0,3,2,4,21.0,803.0,1
13566328,3,2018-07-25,0,2,1,0,2,3,3,21.0,803.0,2
17527879,3,2018-07-25,0,1,0,0,0,1,0,21.0,803.0,1
10640520,1,2018-07-25,0,0,0,0,0,0,0,21.0,803.0,0
29605516,3,2018-07-25,0,0,0,0,0,0,0,21.0,803.0,0
22182897,3,2018-07-25,0,0,0,0,0,0,0,21.0,803.0,0
23182376,3,2018-07-25,0,0,0,0,0,0,0,21.0,803.0,0
64754890,3,2018-07-25,0,0,0,0,0,0,0,21.0,803.0,0
75240713,3,2018-07-25,0,0,0,0,0,0,0,21.0,803.0,0
23219985,3,2018-07-25,0,0,0,0,0,0,0,21.0,803.0,0
11098183,3,2018-07-25,0,0,0,0,0,0,0,21.0,803.0,0
16788277,3,2018-07-25,0,0,0,0,0,0,0,21.0,803.0,0
19022266,1,2018-07-25,0,0,0,0,0,0,0,21.0,803.0,0
20230910,3,2018-07-25,0,0,0,0,0,0,0,21.0,803.0,0
11138126,3,2018-07-25,0,0,0,0,0,0,0,21.0,803.0,0
33945594,2,2018-07-25,0,0,0,0,0,0,0,21.0,803.0,0
31645194,1,2018-07-26,0,2,8,4,5,5,9,22.8,801.0,7
16506190,1,2018-07-26,0,18,20,16,7,12,21,22.8,801.0,21
19765955,1,2018-07-26,0,3,5,5,0,0,5,22.8,801.0,2
10126184,1,2018-07-26,0,3,3,3,4,0,4,22.8,801.0,3
20884385,1,2018-07-26,0,4,6,4,3,6,8,22.8,801.0,9
24767305,1,2018-07-26,0,2,3,0,2,2,3,22.8,801.0,2
18392951,1,2018-07-26,0,1,3,2,0,3,3,22.8,801.0,3
15944945,1,2018-07-26,0,8,7,5,8,3,10,22.8,801.0,10
32171275,1,2018-07-26,0,3,4,4,0,3,3,22.8,801.0,3
23775364,1,2018-07-26,0,7,11,8,5,6,7,22.8,801.0,7
20774643,1,2018-07-26,0,3,4,3,3,3,4,22.8,801.0,7
16973630,1,2018-07-26,0,2,3,4,1,3,3,22.8,801.0,4
76063726,2,2018-07-26,0,3,3,1,0,3,7,22.8,801.0,4
36031093,2,2018-07-26,0,2,2,1,0,1,2,22.8,801.0,3
10649816,2,2018-07-26,0,7,4,6,0,0,6,22.8,801.0,2
89221111,2,2018-07-26,0,4,1,3,1,2,7,22.8,801.0,5
24416996,2,2018-07-26,0,3,4,1,1,0,2,22.8,801.0,1
17956251,3,2018-07-26,0,1,5,0,0,3,2,22.8,801.0,5
10067596,3,2018-07-26,0,0,4,2,0,2,1,22.8,801.0,4
28234842,3,2018-07-26,0,2,2,1,0,2,3,22.8,801.0,5
84383012,3,2018-07-26,0,1,1,0,0,0,1,22.8,801.0,2
10640520,1,2018-07-26,0,0,0,0,0,0,0,22.8,801.0,0
22182897,3,2018-07-26,0,0,0,0,0,0,0,22.8,801.0,0
23182376,3,2018-07-26,0,0,0,0,0,0,0,22.8,801.0,0
64754890,3,2018-07-26,0,0,0,0,0,0,0,22.8,801.0,0
75240713,3,2018-07-26,0,0,0,0,0,0,0,22.8,801.0,0
23219985,3,2018-07-26,0,0,0,0,0,0,0,22.8,801.0,0
11098183,3,2018-07-26,0,0,0,0,0,0,0,22.8,801.0,0
16788277,3,2018-07-26,0,0,0,0,0,0,0,22.8,801.0,0
19022266,1,2018-07-26,0,0,0,0,0,0,0,22.8,801.0,0
20230910,3,2018-07-26,0,0,0,0,0,0,0,22.8,801.0,0
11138126,3,2018-07-26,0,0,0,0,0,0,0,22.8,801.0,0
33945594,2,2018-07-26,0,0,0,0,0,0,0,22.8,801.0,0
26028794,1,2018-07-27,0,2,3,5,5,0,0,19.1,803.0,10
22058765,1,2018-07-27,0,7,2,8,4,5,5,19.1,803.0,7
24381335,1,2018-07-27,0,21,18,20,16,7,12,19.1,803.0,26
21749359,1,2018-07-27,0,7,7,11,8,5,6,19.1,803.0,6
15925504,1,2018-07-27,0,3,3,3,3,4,0,19.1,803.0,4
15189863,1,2018-07-27,0,9,4,6,4,3,6,19.1,803.0,7
11465903,1,2018-07-27,0,2,2,3,0,2,2,19.1,803.0,2
32587201,1,2018-07-27,0,3,1,3,2,0,3,19.1,803.0,4
43646160,1,2018-07-27,0,3,3,4,4,0,3,19.1,803.0,4
21536479,1,2018-07-27,0,7,3,4,3,3,3,19.1,803.0,4
22699366,1,2018-07-27,0,10,8,7,5,8,3,19.1,803.0,9
40529186,1,2018-07-27,0,4,2,3,4,1,3,19.1,803.0,3
30587050,2,2018-07-27,0,4,3,3,1,0,3,19.1,803.0,6
10310740,2,2018-07-27,0,3,2,2,1,0,1,19.1,803.0,4
22749002,2,2018-07-27,0,2,7,4,6,0,0,19.1,803.0,4
82763682,2,2018-07-27,0,1,3,4,1,1,0,19.1,803.0,3
23763565,2,2018-07-27,0,5,4,1,3,1,2,19.1,803.0,4
14137429,3,2018-07-27,0,5,1,5,0,0,3,19.1,803.0,3
28897794,3,2018-07-27,0,0,0,2,0,0,0,19.1,803.0,1
29326328,3,2018-07-27,0,4,0,4,2,0,2,19.1,803.0,2
18070825,3,2018-07-27,0,5,2,2,1,0,2,19.1,803.0,4
10640520,1,2018-07-27,0,0,0,0,0,0,0,19.1,803.0,0
22182897,3,2018-07-27,0,0,0,0,0,0,0,19.1,803.0,0
23182376,3,2018-07-27,0,0,0,0,0,0,0,19.1,803.0,0
64754890,3,2018-07-27,0,0,0,0,0,0,0,19.1,803.0,0
84383012,3,2018-07-27,0,0,0,0,0,0,0,19.1,803.0,0
75240713,3,2018-07-27,0,0,0,0,0,0,0,19.1,803.0,0
11098183,3,2018-07-27,0,0,0,0,0,0,0,19.1,803.0,0
16788277,3,2018-07-27,0,0,0,0,0,0,0,19.1,803.0,0
19022266,1,2018-07-27,0,0,0,0,0,0,0,19.1,803.0,0
20230910,3,2018-07-27,0,0,0,0,0,0,0,19.1,803.0,0
11138126,3,2018-07-27,0,0,0,0,0,0,0,19.1,803.0,0
33945594,2,2018-07-27,0,0,0,0,0,0,0,19.1,803.0,0
11949271,1,2018-07-28,0,7,7,2,8,4,5,13.4,521.0,8
19888133,1,2018-07-28,0,26,21,18,20,16,7,13.4,521.0,14
94603879,1,2018-07-28,0,2,2,2,3,0,2,13.4,521.0,4
48955778,1,2018-07-28,0,3,4,2,3,4,1,13.4,521.0,2
15850662,1,2018-07-28,0,6,7,7,11,8,5,13.4,521.0,10
21345684,1,2018-07-28,0,4,3,3,3,3,4,13.4,521.0,2
96445824,1,2018-07-28,0,7,9,4,6,4,3,13.4,521.0,6
31967418,1,2018-07-28,0,4,3,1,3,2,0,13.4,521.0,3
17218418,1,2018-07-28,0,9,10,8,7,5,8,13.4,521.0,5
81279016,1,2018-07-28,0,4,3,3,4,4,0,13.4,521.0,3
27999444,1,2018-07-28,0,4,7,3,4,3,3,13.4,521.0,3
33516580,2,2018-07-28,0,6,4,3,3,1,0,13.4,521.0,5
54395960,2,2018-07-28,0,4,3,2,2,1,0,13.4,521.0,1
21144021,2,2018-07-28,0,4,5,4,1,3,1,13.4,521.0,1
36878167,3,2018-07-28,0,2,4,0,4,2,0,13.4,521.0,1
10640520,1,2018-07-28,0,0,0,0,0,0,0,13.4,521.0,0
26028794,1,2018-07-28,0,0,0,0,0,0,0,13.4,521.0,0
22749002,2,2018-07-28,0,0,0,0,0,0,0,13.4,521.0,0
82763682,2,2018-07-28,0,0,0,0,0,0,0,13.4,521.0,0
14137429,3,2018-07-28,0,0,0,0,0,0,0,13.4,521.0,0
22182897,3,2018-07-28,0,0,0,0,0,0,0,13.4,521.0,0
23182376,3,2018-07-28,0,0,0,0,0,0,0,13.4,521.0,0
64754890,3,2018-07-28,0,0,0,0,0,0,0,13.4,521.0,0
18070825,3,2018-07-28,0,0,0,0,0,0,0,13.4,521.0,0
84383012,3,2018-07-28,0,0,0,0,0,0,0,13.4,521.0,0
75240713,3,2018-07-28,0,0,0,0,0,0,0,13.4,521.0,0
28897794,3,2018-07-28,0,0,0,0,0,0,0,13.4,521.0,0
11098183,3,2018-07-28,0,0,0,0,0,0,0,13.4,521.0,0
16788277,3,2018-07-28,0,0,0,0,0,0,0,13.4,521.0,0
19022266,1,2018-07-28,0,0,0,0,0,0,0,13.4,521.0,0
20230910,3,2018-07-28,0,0,0,0,0,0,0,13.4,521.0,0
11138126,3,2018-07-28,0,0,0,0,0,0,0,13.4,521.0,0
33945594,2,2018-07-28,0,0,0,0,0,0,0,13.4,521.0,0
19640953,1,2018-07-29,0,8,7,7,2,8,4,15.9,803.0,8
98708374,1,2018-07-29,0,14,26,21,18,20,16,15.9,803.0,18
44474798,1,2018-07-29,0,4,2,2,2,3,0,15.9,803.0,3
24865326,1,2018-07-29,0,2,3,4,2,3,4,15.9,803.0,2
26915716,1,2018-07-29,0,10,6,7,7,11,8,15.9,803.0,5
76228863,1,2018-07-29,0,2,4,3,3,3,3,15.9,803.0,3
10995837,1,2018-07-29,0,6,7,9,4,6,4,15.9,803.0,4
10919621,1,2018-07-29,0,5,9,10,8,7,5,15.9,803.0,3
63867357,1,2018-07-29,0,3,4,3,3,4,4,15.9,803.0,3
16571780,1,2018-07-29,0,3,4,3,1,3,2,15.9,803.0,1
26465687,1,2018-07-29,0,3,4,7,3,4,3,15.9,803.0,2
16006426,2,2018-07-29,0,1,4,5,4,1,3,15.9,803.0,2
63219604,2,2018-07-29,0,0,3,1,3,4,1,15.9,803.0,2
10640520,1,2018-07-29,0,0,0,0,0,0,0,15.9,803.0,0
33516580,2,2018-07-29,0,0,0,0,0,0,0,15.9,803.0,0
36878167,3,2018-07-29,0,0,0,0,0,0,0,15.9,803.0,0
26028794,1,2018-07-29,0,0,0,0,0,0,0,15.9,803.0,0
22749002,2,2018-07-29,0,0,0,0,0,0,0,15.9,803.0,0
14137429,3,2018-07-29,0,0,0,0,0,0,0,15.9,803.0,0
22182897,3,2018-07-29,0,0,0,0,0,0,0,15.9,803.0,0
23182376,3,2018-07-29,0,0,0,0,0,0,0,15.9,803.0,0
64754890,3,2018-07-29,0,0,0,0,0,0,0,15.9,803.0,0
18070825,3,2018-07-29,0,0,0,0,0,0,0,15.9,803.0,0
84383012,3,2018-07-29,0,0,0,0,0,0,0,15.9,803.0,0
75240713,3,2018-07-29,0,0,0,0,0,0,0,15.9,803.0,0
54395960,2,2018-07-29,0,0,0,0,0,0,0,15.9,803.0,0
28897794,3,2018-07-29,0,0,0,0,0,0,0,15.9,803.0,0
11098183,3,2018-07-29,0,0,0,0,0,0,0,15.9,803.0,0
16788277,3,2018-07-29,0,0,0,0,0,0,0,15.9,803.0,0
19022266,1,2018-07-29,0,0,0,0,0,0,0,15.9,803.0,0
20230910,3,2018-07-29,0,0,0,0,0,0,0,15.9,803.0,0
11138126,3,2018-07-29,0,0,0,0,0,0,0,15.9,803.0,0
33945594,2,2018-07-29,0,0,0,0,0,0,0,15.9,803.0,0
15956084,1,2018-07-30,0,0,0,10,2,3,5,17.2,803.0,2
21477832,1,2018-07-30,0,8,8,7,7,2,8,17.2,803.0,9
32399750,1,2018-07-30,0,18,14,26,21,18,20,17.2,803.0,19
39983827,1,2018-07-30,0,2,2,3,4,2,3,17.2,803.0,17
33344100,1,2018-07-30,0,0,0,0,0,0,0,17.2,803.0,1
65995088,1,2018-07-30,0,5,10,6,7,7,11,17.2,803.0,9
29552879,1,2018-07-30,0,3,2,4,3,3,3,17.2,803.0,1
60821893,1,2018-07-30,0,4,6,7,9,4,6,17.2,803.0,3
45685401,1,2018-07-30,0,3,4,2,2,2,3,17.2,803.0,1
10891249,1,2018-07-30,0,1,3,4,3,1,3,17.2,803.0,2
17514125,1,2018-07-30,0,3,5,9,10,8,7,17.2,803.0,10
11444432,1,2018-07-30,0,3,3,4,3,3,4,17.2,803.0,1
94573414,1,2018-07-30,0,2,3,4,7,3,4,17.2,803.0,4
93699569,2,2018-07-30,0,0,5,6,4,3,3,17.2,803.0,4
21489478,2,2018-07-30,0,0,0,4,2,7,4,17.2,803.0,3
43098948,2,2018-07-30,0,2,1,4,5,4,1,17.2,803.0,4
91251013,3,2018-07-30,0,0,0,3,5,1,5,17.2,803.0,1
95101614,3,2018-07-30,0,0,0,1,0,0,2,17.2,803.0,1
16600764,3,2018-07-30,0,0,0,4,5,2,2,17.2,803.0,2
51605370,3,2018-07-30,0,0,0,0,2,1,1,17.2,803.0,1
22828629,3,2018-07-30,0,0,1,2,4,0,4,17.2,803.0,1
63219604,2,2018-07-30,0,0,0,0,0,0,0,17.2,803.0,0
22182897,3,2018-07-30,0,0,0,0,0,0,0,17.2,803.0,0
23182376,3,2018-07-30,0,0,0,0,0,0,0,17.2,803.0,0
64754890,3,2018-07-30,0,0,0,0,0,0,0,17.2,803.0,0
75240713,3,2018-07-30,0,0,0,0,0,0,0,17.2,803.0,0
54395960,2,2018-07-30,0,0,0,0,0,0,0,17.2,803.0,0
11098183,3,2018-07-30,0,0,0,0,0,0,0,17.2,803.0,0
16788277,3,2018-07-30,0,0,0,0,0,0,0,17.2,803.0,0
19022266,1,2018-07-30,0,0,0,0,0,0,0,17.2,803.0,0
20230910,3,2018-07-30,0,0,0,0,0,0,0,17.2,803.0,0
11138126,3,2018-07-30,0,0,0,0,0,0,0,17.2,803.0,0
33945594,2,2018-07-30,0,0,0,0,0,0,0,17.2,803.0,0
18874909,1,2018-07-31,0,2,0,0,10,2,3,17.9,803.0,5
84617521,1,2018-07-31,0,9,8,8,7,7,2,17.9,803.0,6
83523832,1,2018-07-31,0,19,18,14,26,21,18,17.9,803.0,16
27779551,1,2018-07-31,0,1,3,4,2,2,2,17.9,803.0,3
27720930,1,2018-07-31,0,9,5,10,6,7,7,17.9,803.0,7
99602993,1,2018-07-31,0,1,3,2,4,3,3,17.9,803.0,1
28216422,1,2018-07-31,0,3,4,6,7,9,4,17.9,803.0,4
18508001,1,2018-07-31,0,2,1,3,4,3,1,17.9,803.0,2
29039415,1,2018-07-31,0,1,3,3,4,3,3,17.9,803.0,4
14659762,1,2018-07-31,0,4,2,3,4,7,3,17.9,803.0,4
28468091,1,2018-07-31,0,10,3,5,9,10,8,17.9,803.0,6
30516989,1,2018-07-31,0,17,2,2,3,4,2,17.9,803.0,4
28225181,2,2018-07-31,0,4,0,5,6,4,3,17.9,803.0,4
24170008,2,2018-07-31,0,3,0,0,4,2,7,17.9,803.0,6
23661806,2,2018-07-31,0,0,2,0,3,1,3,17.9,803.0,2
29326359,2,2018-07-31,0,4,2,1,4,5,4,17.9,803.0,3
25112680,2,2018-07-31,0,0,0,1,4,3,2,17.9,803.0,2
29999649,3,2018-07-31,0,1,0,0,3,5,1,17.9,803.0,5
14200612,3,2018-07-31,0,2,0,0,4,5,2,17.9,803.0,2
31061149,3,2018-07-31,0,1,0,0,0,2,1,17.9,803.0,1
24084944,3,2018-07-31,0,1,0,1,2,4,0,17.9,803.0,3
58079997,3,2018-07-31,0,1,0,0,1,0,0,17.9,803.0,1
33344100,1,2018-07-31,0,0,0,0,0,0,0,17.9,803.0,0
22182897,3,2018-07-31,0,0,0,0,0,0,0,17.9,803.0,0
23182376,3,2018-07-31,0,0,0,0,0,0,0,17.9,803.0,0
64754890,3,2018-07-31,0,0,0,0,0,0,0,17.9,803.0,0
75240713,3,2018-07-31,0,0,0,0,0,0,0,17.9,803.0,0
11098183,3,2018-07-31,0,0,0,0,0,0,0,17.9,803.0,0
16788277,3,2018-07-31,0,0,0,0,0,0,0,17.9,803.0,0
19022266,1,2018-07-31,0,0,0,0,0,0,0,17.9,803.0,0
20230910,3,2018-07-31,0,0,0,0,0,0,0,17.9,803.0,0
11138126,3,2018-07-31,0,0,0,0,0,0,0,17.9,803.0,0
33945594,2,2018-07-31,0,0,0,0,0,0,0,17.9,803.0,0
